"Status","Start Time","Stop Time","Duration in ms","Parent Suite","Suite","Sub Suite","Test Class","Test Method","Name","Description"
"passed","","","900","","TestCreateUser","","TestCreateUser","","testReCreateUser",""
"passed","","","49","","TestCreateUser","","TestCreateUser","","testCreateUserWithoutField",""
"passed","","","1025","","TestCreateOrder","","TestCreateOrder","","testCreateOrderWithoutAuthAndIngredients",""
"passed","","","959","","TestLoginUser","","TestLoginUser","","testLoginExistingUser",""
"passed","","","962","","TestLoginUser","","TestLoginUser","","testLoginUserEmptyField",""
"passed","","","61","","TestCreateOrder","","TestCreateOrder","","testCreateOrderWithoutAuth",""
"passed","","","266","","TestCreateOrder","","TestCreateOrder","","testCreateOrderWithAuthAndIngredients",""
"passed","","","844","","TestCreateUser","","TestCreateUser","","testCreateUser",""
"passed","","","1794","","TestCreateOrder","","TestCreateOrder","","testCreateOrderWithAuthAndWrongIngredients",""
